No.,Time,Source,Destination,Protocol,Length,Info,Predicted_bad_packet,Time,Length,Num_MAC_Addresses
1.0,0.0,HonHaiPrecis_e8:4c:71,Broadcast,ARP,60.0,Who has 172.27.97.173? Tell 172.27.23.165,0,0.0,60.0,1.0
2.0,0.126108829,8e:1f:05:2b:be:de,Broadcast,ARP,60.0,Who has 172.27.0.2? Tell 172.27.27.37,0,0.126108829,60.0,2.0
3.0,0.126108974,Intel_04:06:6e,Broadcast,ARP,42.0,Who has 172.27.0.2? Tell 172.27.29.42,0,0.126108974,42.0,3.0
4.0,0.157247188,8e:c7:ff:d6:7e:fb,Broadcast,ARP,60.0,Who has 172.27.0.2? Tell 172.27.26.21,0,0.157247188,60.0,4.0
5.0,0.169263142,HonHaiPrecis_e8:4c:a9,Broadcast,ARP,60.0,Who has 172.27.202.76? Tell 172.27.210.153,0,0.169263142,60.0,5.0
10.0,0.22121289,HonHaiPrecis_e8:76:8f,Broadcast,ARP,60.0,Who has 172.27.238.133? Tell 172.27.7.200,0,0.619454568,60.0,9.0
11.0,0.337060181,aa:4a:ef:9c:1b:d8,Broadcast,ARP,60.0,Who has 172.27.0.2? Tell 172.27.27.181,0,0.619456234,60.0,9.0
12.0,0.419699901,2e:95:96:ab:8f:56,Broadcast,ARP,60.0,Who has 172.27.0.2? Tell 172.27.25.69,0,0.679984259,60.0,10.0
13.0,0.565427294,LiteonTechno_9c:e3:33,Broadcast,ARP,60.0,Who has 172.27.217.16? Tell 172.27.243.67,0,0.705875819,60.0,11.0
14.0,0.619454568,HonHaiPrecis_e8:4c:71,Broadcast,ARP,60.0,Who has 172.27.217.16? Tell 172.27.23.165,0,0.786186496,60.0,12.0
15.0,0.619456234,HonHaiPrecis_e8:4c:71,Broadcast,ARP,60.0,Who has 172.27.97.173? Tell 172.27.23.165,0,0.78716522,60.0,13.0
16.0,0.679984259,HonHaiPrecis_e8:71:f9,Broadcast,ARP,60.0,Who has 172.27.217.16? Tell 172.27.148.191,0,0.823962151,60.0,13.0
17.0,0.705875819,HonHaiPrecis_e8:be:0b,Broadcast,ARP,60.0,Who has 172.27.217.19? Tell 172.27.234.220,0,0.901799748,60.0,13.0
18.0,0.786186496,Intel_3c:db:60,Broadcast,ARP,60.0,Who has 172.27.0.2? Tell 172.27.27.184,0,1.027049322,60.0,14.0
19.0,0.78716522,Intel_60:3b:0a,Broadcast,ARP,60.0,Who has 172.27.30.143? (ARP Probe),0,1.120505599,60.0,15.0
20.0,0.823962151,HonHaiPrecis_e8:76:8f,Broadcast,ARP,60.0,Who has 172.27.238.133? Tell 172.27.7.200,0,1.209064241,60.0,15.0
21.0,0.901799748,8e:1f:05:2b:be:de,Broadcast,ARP,60.0,Who has 172.27.0.2? Tell 172.27.27.37,0,1.29720273,60.0,16.0
24.0,1.027049322,ee:30:5f:31:f9:39,Broadcast,ARP,60.0,Who has 172.27.0.2? Tell 172.27.25.242,0,1.679186333,60.0,16.0
25.0,1.120505599,Intel_0c:b4:e9,Broadcast,ARP,60.0,Who has 172.27.217.19? Tell 172.27.30.64,0,1.794282848,60.0,1.0
26.0,1.209064241,2e:95:96:ab:8f:56,Broadcast,ARP,60.0,Who has 172.27.0.2? Tell 172.27.25.69,0,1.812465899,60.0,16.0
27.0,1.29720273,LiteonTechno_9c:e3:c8,Broadcast,ARP,60.0,Who has 172.27.29.49? Tell 172.27.163.27,0,1.957488583,60.0,16.0
28.0,1.625146583,HonHaiPrecis_e8:4c:71,Broadcast,ARP,60.0,Who has 172.27.97.173? Tell 172.27.23.165,0,1.964653505,60.0,16.0
29.0,1.667549104,8e:1f:05:2b:be:de,Broadcast,ARP,60.0,Who has 172.27.0.2? Tell 172.27.27.37,0,2.021556078,60.0,16.0
31.0,1.679186333,HonHaiPrecis_e8:71:f9,Broadcast,ARP,60.0,Who has 172.27.217.16? Tell 172.27.148.191,0,2.080909667,60.0,1.0
36.0,1.794282848,Intel_60:3b:0a,Broadcast,ARP,60.0,ARP Announcement for 172.27.30.143,0,2.619026481,60.0,18.0
37.0,1.812465899,HonHaiPrecis_e8:76:8f,Broadcast,ARP,60.0,Who has 172.27.238.133? Tell 172.27.7.200,0,2.63071259,60.0,18.0
39.0,1.957488583,2e:95:96:ab:8f:56,Broadcast,ARP,60.0,Who has 172.27.0.2? Tell 172.27.25.69,0,2.737857379,60.0,18.0
40.0,1.964653505,8e:c7:ff:d6:7e:fb,Broadcast,ARP,60.0,Who has 172.27.0.2? Tell 172.27.26.21,0,2.830401317,60.0,18.0
41.0,2.021556078,HonHaiPrecis_e8:4c:71,Broadcast,ARP,60.0,Who has 172.27.217.16? Tell 172.27.23.165,0,2.956078512,60.0,19.0
42.0,2.078842957,LiteonTechno_9c:e3:c8,Broadcast,ARP,60.0,Who has 172.27.29.49? Tell 172.27.163.27,0,3.076226097,60.0,19.0
43.0,2.080909667,16:9f:0e:d2:fd:a1,Broadcast,ARP,60.0,Gratuitous ARP for 172.27.24.87 (Reply),0,3.084203308,60.0,20.0
44.0,2.289381893,16:9f:0e:d2:fd:a1,Broadcast,ARP,60.0,Who has 172.27.0.2? Tell 172.27.24.87,0,3.084622031,60.0,20.0
45.0,2.357942845,52:24:64:d3:6e:a6,Broadcast,ARP,60.0,Who has 172.27.0.2? Tell 172.27.29.181,0,3.102252226,60.0,20.0
46.0,2.426889834,8e:1f:05:2b:be:de,Broadcast,ARP,60.0,Who has 172.27.0.2? Tell 172.27.27.37,0,3.196368343,60.0,20.0
48.0,2.510417077,Intel_0c:b4:e9,Broadcast,ARP,60.0,Who has 172.27.217.19? Tell 172.27.30.64,0,3.267179816,60.0,21.0
50.0,2.619026481,HonHaiPrecis_e8:4c:71,Broadcast,ARP,60.0,Who has 172.27.217.16? Tell 172.27.23.165,0,3.527233485,60.0,2.0
51.0,2.63071259,aa:4a:ef:9c:1b:d8,Broadcast,ARP,60.0,Who has 172.27.0.2? Tell 172.27.27.181,0,3.533097643,60.0,21.0
52.0,2.729120336,8e:c7:ff:d6:7e:fb,Broadcast,ARP,60.0,Who has 172.27.0.2? Tell 172.27.26.21,0,3.599972045,60.0,3.0
53.0,2.737857379,2e:95:96:ab:8f:56,Broadcast,ARP,60.0,Who has 172.27.0.2? Tell 172.27.25.69,0,3.632458173,60.0,21.0
55.0,2.830401317,HonHaiPrecis_e8:4c:a9,Broadcast,ARP,60.0,Who has 172.27.202.76? Tell 172.27.210.153,0,3.723223964,60.0,22.0
58.0,2.956078512,vivoMobileCo_2f:bb:2f,Broadcast,ARP,60.0,Who has 172.27.0.2? Tell 172.27.29.19,0,3.860840403,60.0,22.0
60.0,3.076226097,LiteonTechno_9c:e3:c8,Broadcast,ARP,60.0,Who has 172.27.29.49? Tell 172.27.163.27,0,4.006213565,60.0,22.0
62.0,3.084203308,d6:65:98:79:a7:b3,Broadcast,ARP,60.0,Who has 169.254.78.72? (ARP Probe),0,4.191456774,60.0,22.0
63.0,3.084622031,Intel_0c:b4:e9,Broadcast,ARP,60.0,Who has 172.27.217.19? Tell 172.27.30.64,0,4.191458375,60.0,22.0
64.0,3.102252226,52:24:64:d3:6e:a6,Broadcast,ARP,60.0,Who has 172.27.0.2? Tell 172.27.29.181,0,4.234729659,60.0,22.0
65.0,3.196368343,8e:1f:05:2b:be:de,Broadcast,ARP,60.0,Who has 172.27.0.2? Tell 172.27.27.37,0,4.299361866,60.0,23.0
67.0,3.267178875,Intel_90:19:d8,Broadcast,ARP,60.0,Who has 172.27.29.187? Tell 172.27.29.84,0,4.379049707,60.0,2.0
69.0,3.267179816,Intel_90:19:d8,Broadcast,ARP,60.0,Who has 172.27.217.16? Tell 172.27.29.84,0,4.557899904,60.0,25.0
72.0,3.496163517,8e:c7:ff:d6:7e:fb,Broadcast,ARP,60.0,Who has 172.27.0.2? Tell 172.27.26.21,0,4.714367905,60.0,2.0
73.0,3.527233485,32:0c:98:40:ac:0c,Broadcast,ARP,60.0,Gratuitous ARP for 172.27.28.144 (Reply),0,4.816112666,60.0,25.0
74.0,3.533097643,2e:95:96:ab:8f:56,Broadcast,ARP,60.0,Who has 172.27.0.2? Tell 172.27.25.69,0,4.840040073,60.0,25.0
76.0,3.599972045,52:ae:eb:ff:6a:65,Broadcast,ARP,60.0,Gratuitous ARP for 172.27.24.121 (Reply),0,5.058958709,60.0,25.0
78.0,3.632458173,HonHaiPrecis_e8:4c:71,Broadcast,ARP,60.0,Who has 172.27.217.16? Tell 172.27.23.165,0,5.122997865,60.0,27.0
80.0,3.668956553,HonHaiPrecis_e8:4c:a9,Broadcast,ARP,60.0,Who has 172.27.202.76? Tell 172.27.210.153,0,5.129615078,60.0,28.0
81.0,3.723223964,32:0c:98:40:ac:0c,Broadcast,ARP,60.0,Who has 172.27.0.2? Tell 172.27.28.144,0,5.185519012,60.0,28.0
82.0,3.730044495,d6:65:98:79:a7:b3,Broadcast,ARP,60.0,Who has 169.254.78.72? (ARP Probe),0,5.268495975,60.0,29.0
83.0,3.86084021,HonHaiPrecis_e8:71:f9,Broadcast,ARP,60.0,Who has 172.27.217.16? Tell 172.27.148.191,0,5.317592806,60.0,29.0
84.0,3.860840403,52:24:64:d3:6e:a6,Broadcast,ARP,60.0,Who has 172.27.0.2? Tell 172.27.29.181,0,5.410441252,60.0,29.0
86.0,3.969035398,8e:1f:05:2b:be:de,Broadcast,ARP,60.0,Who has 172.27.0.2? Tell 172.27.27.37,0,5.455527401,60.0,30.0
87.0,4.006213565,vivoMobileCo_2f:bb:2f,Broadcast,ARP,60.0,Who has 172.27.0.2? Tell 172.27.29.19,0,5.517650736,60.0,30.0
89.0,4.009355497,HonHaiPrecis_e8:4c:71,Broadcast,ARP,60.0,Who has 172.27.97.173? Tell 172.27.23.165,0,5.54588292,60.0,32.0
93.0,4.191456774,Intel_90:19:d8,Broadcast,ARP,60.0,Who has 172.27.29.187? Tell 172.27.29.84,0,5.821611985,60.0,32.0
94.0,4.191458375,Intel_90:19:d8,Broadcast,ARP,60.0,Who has 172.27.217.16? Tell 172.27.29.84,0,5.821612199,60.0,32.0
96.0,4.234729659,HonHaiPrecis_e8:76:8f,Broadcast,ARP,60.0,Who has 172.27.238.133? Tell 172.27.7.200,0,6.05384529,60.0,32.0
97.0,4.299361866,52:ae:eb:ff:6a:65,Broadcast,ARP,60.0,Who has 172.27.0.2? Tell 172.27.24.121,0,6.053924944,60.0,32.0
99.0,4.299362137,2e:95:96:ab:8f:56,Broadcast,ARP,60.0,Who has 172.27.0.2? Tell 172.27.25.69,0,6.183586289,60.0,32.0
101.0,4.379049707,d6:65:98:79:a7:b3,Broadcast,ARP,60.0,ARP Announcement for 169.254.78.72,0,6.366628707,60.0,33.0
102.0,4.381389029,e6:79:3f:97:36:60,Broadcast,ARP,60.0,Who has 172.27.0.2? Tell 172.27.27.104,0,6.39752973,60.0,3.0
104.0,4.557899904,e2:32:d8:34:3e:1f,Broadcast,ARP,60.0,Who has 172.27.0.2? Tell 172.27.24.214,0,6.534546511,60.0,35.0
105.0,4.576863929,8e:c7:ff:d6:7e:fb,Broadcast,ARP,60.0,Who has 172.27.0.2? Tell 172.27.26.21,0,6.628513603,60.0,35.0
106.0,4.714367771,HonHaiPrecis_e8:71:f9,Broadcast,ARP,60.0,Who has 172.27.217.16? Tell 172.27.148.191,0,6.704717066,60.0,35.0
107.0,4.714367905,d6:65:98:79:a7:b3,Broadcast,ARP,60.0,ARP Announcement for 169.254.78.72,0,6.732366188,60.0,35.0
108.0,4.816112666,8e:1f:05:2b:be:de,Broadcast,ARP,60.0,Who has 172.27.0.2? Tell 172.27.27.37,0,6.830829619,60.0,35.0
109.0,4.840040073,HonHaiPrecis_e8:76:8f,Broadcast,ARP,60.0,Who has 172.27.238.133? Tell 172.27.7.200,0,6.883373157,60.0,35.0
111.0,5.01573208,vivoMobileCo_2f:bb:2f,Broadcast,ARP,60.0,Who has 172.27.0.2? Tell 172.27.29.19,0,6.954514265,60.0,35.0
114.0,5.058958709,2e:95:96:ab:8f:56,Broadcast,ARP,60.0,Who has 172.27.0.2? Tell 172.27.25.69,0,7.12058531,60.0,35.0
116.0,5.118893589,32:23:ae:ca:40:aa,Broadcast,ARP,60.0,Who has 172.27.0.2? Tell 172.27.29.205,0,7.57674272,60.0,35.0
117.0,5.122997865,HuaweiTechno_88:54:37,Broadcast,ARP,60.0,Who has 172.27.0.2? Tell 172.27.27.152,0,7.624911044,60.0,35.0
118.0,5.127592795,d6:65:98:79:a7:b3,Broadcast,ARP,60.0,Who has 172.27.28.207? (ARP Probe),0,7.62491122,60.0,35.0
119.0,5.129615078,8e:9e:76:fa:f4:50,Broadcast,ARP,60.0,Who has 172.27.0.2? Tell 172.27.26.140,0,7.647556736,60.0,35.0
121.0,5.185519012,Intel_90:19:d8,Broadcast,ARP,60.0,Who has 172.27.29.187? Tell 172.27.29.84,0,7.703810104,60.0,35.0
122.0,5.268495975,ea:1c:8b:31:84:25,Broadcast,ARP,60.0,Who has 172.27.0.2? Tell 172.27.30.86,0,7.708760154,60.0,35.0
123.0,5.317592806,8e:c7:ff:d6:7e:fb,Broadcast,ARP,60.0,Who has 172.27.0.2? Tell 172.27.26.21,0,7.817951119,60.0,35.0
125.0,5.410441252,aa:4a:ef:9c:1b:d8,Broadcast,ARP,60.0,Who has 172.27.0.2? Tell 172.27.27.181,0,8.079548436,60.0,35.0
126.0,5.453175041,d6:65:98:79:a7:b3,Broadcast,ARP,60.0,Who has 172.27.28.207? (ARP Probe),0,8.15667734,60.0,35.0
127.0,5.455527401,Cisco_81:47:57,Broadcast,ARP,60.0,Who has 172.27.14.112? Tell 172.27.0.2,0,8.358323116,60.0,36.0
128.0,5.517650736,8e:1f:05:2b:be:de,Broadcast,ARP,60.0,Who has 172.27.0.2? Tell 172.27.27.37,0,8.383006342,60.0,36.0
129.0,5.530366098,6a:71:d9:32:c5:e0,Broadcast,ARP,42.0,Who has 172.27.0.2? Tell 172.27.30.125,0,8.486690821,60.0,36.0
130.0,5.54588292,HuaweiTechno_75:34:fe,Broadcast,ARP,60.0,Who has 172.27.0.2? Tell 172.27.30.95,0,8.572086326,60.0,36.0
131.0,5.620530645,HonHaiPrecis_e8:4c:71,Broadcast,ARP,60.0,Who has 172.27.97.173? Tell 172.27.23.165,0,8.672412217,60.0,36.0
132.0,5.680047715,HonHaiPrecis_e8:71:f9,Broadcast,ARP,60.0,Who has 172.27.217.16? Tell 172.27.148.191,0,8.957657634,60.0,36.0
133.0,5.780478819,Cisco_81:47:57,Broadcast,ARP,60.0,Who has 172.27.244.89? Tell 172.27.0.2,0,9.126509819,60.0,36.0
134.0,5.821611985,HonHaiPrecis_e8:76:8f,Broadcast,ARP,60.0,Who has 172.27.238.133? Tell 172.27.7.200,0,9.133186798,60.0,36.0
135.0,5.821612199,2e:95:96:ab:8f:56,Broadcast,ARP,60.0,Who has 172.27.0.2? Tell 172.27.25.69,0,9.180505119,60.0,36.0
136.0,6.029144383,HonHaiPrecis_e8:4c:71,Broadcast,ARP,60.0,Who has 172.27.217.16? Tell 172.27.23.165,0,9.24193227,60.0,36.0
138.0,6.05384529,HonHaiPrecis_e8:be:0b,Broadcast,ARP,60.0,Who has 172.27.97.173? Tell 172.27.234.220,0,9.376831251,60.0,36.0
139.0,6.053924944,vivoMobileCo_2f:bb:2f,Broadcast,ARP,60.0,Who has 172.27.0.2? Tell 172.27.29.19,0,9.695954854,60.0,36.0
140.0,6.089725626,8e:c7:ff:d6:7e:fb,Broadcast,ARP,60.0,Who has 172.27.0.2? Tell 172.27.26.21,0,9.727576389,60.0,5.0
142.0,6.183586289,aa:4a:ef:9c:1b:d8,Broadcast,ARP,60.0,Who has 172.27.0.2? Tell 172.27.27.181,0,9.995962825,60.0,36.0
143.0,6.286046398,8e:1f:05:2b:be:de,Broadcast,ARP,60.0,Who has 172.27.0.2? Tell 172.27.27.37,0,10.096543132,60.0,36.0
144.0,6.366628707,Intel_bd:3f:71,Broadcast,ARP,60.0,Who has 172.27.25.134? Tell 172.27.29.60,0,10.123366168,60.0,36.0
145.0,6.39752973,HuaweiTechno_88:54:37,Broadcast,ARP,60.0,ARP Announcement for 172.27.27.152,0,10.137317854,60.0,6.0
147.0,6.504641281,6e:08:65:dc:0a:24,Broadcast,ARP,60.0,Who has 172.27.0.2? Tell 172.27.26.145,0,10.146166222,60.0,36.0
149.0,6.534546511,52:e0:8c:e6:48:56,Broadcast,ARP,60.0,Who has 172.27.0.2? Tell 172.27.25.149,0,10.441686032,60.0,36.0
150.0,6.628513603,HonHaiPrecis_e8:4c:71,Broadcast,ARP,60.0,Who has 172.27.217.16? Tell 172.27.23.165,0,10.717472007,60.0,36.0
151.0,6.704717066,HonHaiPrecis_e8:be:0b,Broadcast,ARP,60.0,Who has 172.27.97.173? Tell 172.27.234.220,0,10.889199033,60.0,36.0
152.0,6.732366188,LiteonTechno_9c:e3:33,Broadcast,ARP,60.0,Who has 172.27.217.16? Tell 172.27.243.67,0,11.082980627,60.0,36.0
154.0,6.830829619,HonHaiPrecis_e8:4c:a9,Broadcast,ARP,60.0,Who has 172.27.202.76? Tell 172.27.210.153,0,11.12054569,60.0,36.0
155.0,6.883373157,8e:c7:ff:d6:7e:fb,Broadcast,ARP,60.0,Who has 172.27.0.2? Tell 172.27.26.21,0,11.174836363,60.0,36.0
156.0,6.946294968,52:e0:8c:e6:48:56,Broadcast,ARP,60.0,Who has 172.27.0.2? Tell 172.27.25.149,0,11.295176848,60.0,36.0
157.0,6.954514265,aa:4a:ef:9c:1b:d8,Broadcast,ARP,60.0,Who has 172.27.0.2? Tell 172.27.27.181,0,11.456568582,60.0,36.0
158.0,7.053884855,8e:1f:05:2b:be:de,Broadcast,ARP,60.0,Who has 172.27.0.2? Tell 172.27.27.37,0,11.48363772,60.0,36.0
159.0,7.077676998,vivoMobileCo_2f:bb:2f,Broadcast,ARP,60.0,Who has 172.27.0.2? Tell 172.27.29.19,0,11.588699809,60.0,7.0
161.0,7.12058531,Intel_bd:3f:71,Broadcast,ARP,60.0,Who has 172.27.25.134? Tell 172.27.29.60,0,11.646551565,60.0,36.0
162.0,7.39996716,2e:95:96:ab:8f:56,Broadcast,ARP,60.0,Who has 172.27.0.2? Tell 172.27.25.69,0,11.673094776,60.0,37.0
163.0,7.57674272,LiteonTechno_9c:e3:33,Broadcast,ARP,60.0,Who has 172.27.217.16? Tell 172.27.243.67,0,11.861029623,60.0,37.0
164.0,7.624911044,Intel_bd:3f:71,Broadcast,ARP,60.0,Who has 172.27.217.19? Tell 172.27.29.60,0,12.005336574,60.0,38.0
165.0,7.62491122,HonHaiPrecis_e8:4c:71,Broadcast,ARP,60.0,Who has 172.27.217.16? Tell 172.27.23.165,0,12.010997442,60.0,38.0
166.0,7.647556736,8e:c7:ff:d6:7e:fb,Broadcast,ARP,60.0,Who has 172.27.0.2? Tell 172.27.26.21,0,12.095267239,60.0,38.0
167.0,7.668765601,HonHaiPrecis_e8:4c:a9,Broadcast,ARP,60.0,Who has 172.27.202.76? Tell 172.27.210.153,0,12.140292884,60.0,38.0
168.0,7.703810104,HonHaiPrecis_e8:be:0b,Broadcast,ARP,60.0,Who has 172.27.97.173? Tell 172.27.234.220,0,12.196300479,60.0,38.0
169.0,7.708760154,aa:4a:ef:9c:1b:d8,Broadcast,ARP,60.0,Who has 172.27.0.2? Tell 172.27.27.181,0,12.234710441,60.0,38.0
171.0,7.817951119,8e:1f:05:2b:be:de,Broadcast,ARP,60.0,Who has 172.27.0.2? Tell 172.27.27.37,0,12.31256452,60.0,38.0
172.0,7.826355994,8a:9d:b0:1e:e2:19,Broadcast,ARP,60.0,Gratuitous ARP for 172.27.26.65 (Reply),0,12.390243868,60.0,39.0
173.0,8.079548436,vivoMobileCo_2f:bb:2f,Broadcast,ARP,60.0,Who has 172.27.0.2? Tell 172.27.29.19,0,12.538199146,42.0,40.0
320.0,8.15667734,2e:95:96:ab:8f:56,Broadcast,ARP,60.0,Who has 172.27.0.2? Tell 172.27.25.69,0,,,
339.0,8.358323116,HuaweiTechno_50:d7:d5,Broadcast,ARP,60.0,Who has 172.27.0.2? Tell 172.27.29.141,0,,,
340.0,8.383006342,8e:c7:ff:d6:7e:fb,Broadcast,ARP,60.0,Who has 172.27.0.2? Tell 172.27.26.21,0,,,
342.0,8.486690821,aa:4a:ef:9c:1b:d8,Broadcast,ARP,60.0,Who has 172.27.0.2? Tell 172.27.27.181,0,,,
343.0,8.572086326,LiteonTechno_9c:e3:33,Broadcast,ARP,60.0,Who has 172.27.217.16? Tell 172.27.243.67,0,,,
344.0,8.672412217,HonHaiPrecis_e8:4c:a9,Broadcast,ARP,60.0,Who has 172.27.202.76? Tell 172.27.210.153,0,,,
346.0,8.957657634,2e:95:96:ab:8f:56,Broadcast,ARP,60.0,Who has 172.27.0.2? Tell 172.27.25.69,0,,,
348.0,9.126509819,vivoMobileCo_2f:bb:2f,Broadcast,ARP,60.0,Who has 172.27.0.2? Tell 172.27.29.19,0,,,
349.0,9.133186798,Intel_0c:b4:e9,Broadcast,ARP,60.0,Who has 172.27.217.19? Tell 172.27.30.64,0,,,
350.0,9.180505119,8e:c7:ff:d6:7e:fb,Broadcast,ARP,60.0,Who has 172.27.0.2? Tell 172.27.26.21,0,,,
352.0,9.24193227,aa:4a:ef:9c:1b:d8,Broadcast,ARP,60.0,Who has 172.27.0.2? Tell 172.27.27.181,0,,,
353.0,9.340009808,8e:1f:05:2b:be:de,Broadcast,ARP,60.0,Who has 172.27.0.2? Tell 172.27.27.37,0,,,
354.0,9.376831251,Intel_bd:3f:71,Broadcast,ARP,60.0,Who has 172.27.25.134? Tell 172.27.29.60,0,,,
355.0,9.695954854,2e:95:96:ab:8f:56,Broadcast,ARP,60.0,Who has 172.27.0.2? Tell 172.27.25.69,0,,,
356.0,9.727576389,32:dd:77:f9:d9:49,Broadcast,ARP,60.0,Gratuitous ARP for 172.27.25.226 (Reply),0,,,
357.0,9.835707138,HuaweiTechno_50:d7:d5,Broadcast,ARP,60.0,Who has 172.27.0.2? Tell 172.27.29.141,0,,,
358.0,9.995962825,8e:c7:ff:d6:7e:fb,Broadcast,ARP,60.0,Who has 172.27.0.2? Tell 172.27.26.21,0,,,
359.0,10.096543132,Intel_0c:b4:e9,Broadcast,ARP,60.0,Who has 172.27.217.19? Tell 172.27.30.64,0,,,
360.0,10.123366168,vivoMobileCo_2f:bb:2f,Broadcast,ARP,60.0,Who has 172.27.0.2? Tell 172.27.29.19,0,,,
361.0,10.137317854,06:21:9c:71:21:a1,Broadcast,ARP,60.0,Gratuitous ARP for 172.27.29.115 (Reply),0,,,
362.0,10.137317991,Intel_bd:3f:71,Broadcast,ARP,60.0,Who has 172.27.25.134? Tell 172.27.29.60,0,,,
363.0,10.146166222,8e:1f:05:2b:be:de,Broadcast,ARP,60.0,Who has 172.27.0.2? Tell 172.27.27.37,0,,,
368.0,10.385800293,Intel_bd:3f:71,Broadcast,ARP,60.0,Who has 172.27.217.19? Tell 172.27.29.60,0,,,
372.0,10.441686032,HuaweiTechno_50:d7:d5,Broadcast,ARP,60.0,Who has 172.27.0.2? Tell 172.27.29.141,0,,,
376.0,10.717472007,8e:c7:ff:d6:7e:fb,Broadcast,ARP,60.0,Who has 172.27.0.2? Tell 172.27.26.21,0,,,
377.0,10.889199033,8e:1f:05:2b:be:de,Broadcast,ARP,60.0,Who has 172.27.0.2? Tell 172.27.27.37,0,,,
384.0,11.082980627,Intel_0c:b4:e9,Broadcast,ARP,60.0,Who has 172.27.217.19? Tell 172.27.30.64,0,,,
385.0,11.120545468,Intel_bd:3f:71,Broadcast,ARP,60.0,Who has 172.27.25.134? Tell 172.27.29.60,0,,,
386.0,11.12054569,Intel_bd:3f:71,Broadcast,ARP,60.0,Who has 172.27.217.19? Tell 172.27.29.60,0,,,
388.0,11.174836363,vivoMobileCo_2f:bb:2f,Broadcast,ARP,60.0,Who has 172.27.0.2? Tell 172.27.29.19,0,,,
390.0,11.295176848,2e:95:96:ab:8f:56,Broadcast,ARP,60.0,Who has 172.27.0.2? Tell 172.27.25.69,0,,,
391.0,11.456568582,8e:c7:ff:d6:7e:fb,Broadcast,ARP,60.0,Who has 172.27.0.2? Tell 172.27.26.21,0,,,
392.0,11.48363772,HuaweiTechno_50:d7:d5,Broadcast,ARP,60.0,Who has 172.27.0.2? Tell 172.27.29.141,0,,,
393.0,11.588699809,96:56:c9:e2:25:61,Broadcast,ARP,60.0,Gratuitous ARP for 172.27.25.141 (Reply),0,,,
394.0,11.638747574,aa:4a:ef:9c:1b:d8,Broadcast,ARP,60.0,Who has 172.27.0.2? Tell 172.27.27.181,0,,,
395.0,11.646551565,8e:1f:05:2b:be:de,Broadcast,ARP,60.0,Who has 172.27.0.2? Tell 172.27.27.37,0,,,
396.0,11.673094776,96:56:c9:e2:25:61,Broadcast,ARP,60.0,Who has 172.27.0.2? Tell 172.27.25.141,0,,,
399.0,11.861029623,HonHaiPrecis_e8:71:f9,Broadcast,ARP,60.0,Who has 172.27.217.16? Tell 172.27.148.191,0,,,
400.0,12.005336574,32:cf:84:af:24:02,Broadcast,ARP,60.0,Who has 172.27.0.2? Tell 172.27.24.230,0,,,
401.0,12.010997442,HonHaiPrecis_e8:4c:71,Broadcast,ARP,60.0,Who has 172.27.97.173? Tell 172.27.23.165,0,,,
402.0,12.095267239,2e:95:96:ab:8f:56,Broadcast,ARP,60.0,Who has 172.27.0.2? Tell 172.27.25.69,0,,,
403.0,12.140292884,Intel_bd:3f:71,Broadcast,ARP,60.0,Who has 172.27.217.19? Tell 172.27.29.60,0,,,
404.0,12.196300479,vivoMobileCo_2f:bb:2f,Broadcast,ARP,60.0,Who has 172.27.0.2? Tell 172.27.29.19,0,,,
405.0,12.234710441,HonHaiPrecis_e8:76:8f,Broadcast,ARP,60.0,Who has 172.27.238.133? Tell 172.27.7.200,0,,,
406.0,12.27770195,8e:c7:ff:d6:7e:fb,Broadcast,ARP,60.0,Who has 172.27.0.2? Tell 172.27.26.21,0,,,
407.0,12.31256452,16:9f:0e:d2:fd:a1,Broadcast,ARP,60.0,Who has 172.27.0.2? Tell 172.27.24.87,0,,,
409.0,12.390243868,ee:05:de:d8:f6:9e,Broadcast,ARP,60.0,Who has 172.27.0.2? Tell 172.27.29.8,0,,,
412.0,12.538199146,vivoMobileCo_6f:3b:76,Broadcast,ARP,42.0,Who has 172.27.0.2? Tell 172.27.27.225,0,,,
413.0,12.61147541,aa:4a:ef:9c:1b:d8,Broadcast,ARP,60.0,Who has 172.27.0.2? Tell 172.27.27.181,0,,,
414.0,12.624543793,HonHaiPrecis_e8:4c:71,Broadcast,ARP,60.0,Who has 172.27.97.173? Tell 172.27.23.165,0,,,
415.0,12.672258768,HonHaiPrecis_e8:71:f9,Broadcast,ARP,60.0,Who has 172.27.217.16? Tell 172.27.148.191,0,,,
416.0,12.71646707,vivoMobileCo_8e:76:a6,Broadcast,ARP,60.0,Who has 172.27.0.2? Tell 172.27.29.109,0,,,
417.0,12.816485348,HonHaiPrecis_e8:76:8f,Broadcast,ARP,60.0,Who has 172.27.238.133? Tell 172.27.7.200,0,,,
419.0,12.85914694,2e:95:96:ab:8f:56,Broadcast,ARP,60.0,Who has 172.27.0.2? Tell 172.27.25.69,0,,,
420.0,12.952254118,LiteonTechno_9c:e2:f8,Broadcast,ARP,60.0,Who has 172.27.217.16? Tell 172.27.4.78,0,,,
421.0,12.956001341,HuaweiTechno_50:d7:d5,Broadcast,ARP,60.0,Who has 172.27.0.2? Tell 172.27.29.141,0,,,
422.0,13.003391337,8e:c7:ff:d6:7e:fb,Broadcast,ARP,60.0,Who has 172.27.0.2? Tell 172.27.26.21,0,,,
423.0,13.031587587,HuaweiTechno_88:54:37,Broadcast,ARP,60.0,Who has 172.27.0.2? Tell 172.27.27.152,0,,,
,,,,,,,0,0.22121289,60.0,6.0
,,,,,,,0,0.337060181,60.0,7.0
,,,,,,,0,0.419699901,60.0,8.0
,,,,,,,0,0.565427294,60.0,9.0
,,,,,,,0,1.625146583,60.0,16.0
,,,,,,,0,1.667549104,60.0,16.0
,,,,,,,0,2.078842957,60.0,16.0
,,,,,,,0,2.289381893,60.0,17.0
,,,,,,,0,2.357942845,60.0,18.0
,,,,,,,0,2.426889834,60.0,18.0
,,,,,,,0,2.510417077,60.0,18.0
,,,,,,,0,2.729120336,60.0,18.0
,,,,,,,0,3.267178875,60.0,21.0
,,,,,,,0,3.496163517,60.0,21.0
,,,,,,,0,3.668956553,60.0,21.0
,,,,,,,0,3.730044495,60.0,22.0
,,,,,,,0,3.86084021,60.0,22.0
,,,,,,,0,3.969035398,60.0,22.0
,,,,,,,0,4.009355497,60.0,22.0
,,,,,,,0,4.299362137,60.0,23.0
,,,,,,,0,4.381389029,60.0,24.0
,,,,,,,0,4.576863929,60.0,25.0
,,,,,,,0,4.714367771,60.0,25.0
,,,,,,,0,5.01573208,60.0,25.0
,,,,,,,0,5.118893589,60.0,26.0
,,,,,,,0,5.127592795,60.0,27.0
,,,,,,,0,5.453175041,60.0,29.0
,,,,,,,0,5.530366098,42.0,31.0
,,,,,,,0,5.620530645,60.0,32.0
,,,,,,,0,5.680047715,60.0,32.0
,,,,,,,0,5.780478819,60.0,32.0
,,,,,,,0,6.029144383,60.0,32.0
,,,,,,,0,6.089725626,60.0,32.0
,,,,,,,0,6.286046398,60.0,32.0
,,,,,,,0,6.504641281,60.0,34.0
,,,,,,,0,6.946294968,60.0,35.0
,,,,,,,0,7.053884855,60.0,35.0
,,,,,,,0,7.077676998,60.0,35.0
,,,,,,,0,7.39996716,60.0,35.0
,,,,,,,0,7.668765601,60.0,35.0
,,,,,,,0,7.826355994,60.0,4.0
,,,,,,,0,9.340009808,60.0,36.0
,,,,,,,0,9.835707138,60.0,36.0
,,,,,,,0,10.137317991,60.0,36.0
,,,,,,,0,10.385800293,60.0,36.0
,,,,,,,0,11.120545468,60.0,36.0
,,,,,,,0,11.638747574,60.0,36.0
,,,,,,,0,12.27770195,60.0,38.0
,,,,,,,0,12.61147541,60.0,40.0
,,,,,,,0,12.624543793,60.0,40.0
,,,,,,,0,12.672258768,60.0,40.0
,,,,,,,0,12.71646707,60.0,41.0
,,,,,,,0,12.816485348,60.0,41.0
,,,,,,,0,12.85914694,60.0,41.0
,,,,,,,0,12.952254118,60.0,42.0
,,,,,,,0,12.956001341,60.0,42.0
,,,,,,,0,13.003391337,60.0,42.0
,,,,,,,0,13.031587587,60.0,42.0
